n,seed,branch_policy,lower_bound,incumbent_heuristic,optimal_cost,runtime,nodes_explored,pruned_states,pruning_rate,proof_time,optimality_proven,time_limit_hit,initial_incumbent,incumbent_updates
8,0,lexicographic,trivial,nn_2opt_fast,3204.4711681423455,0.008885625284165144,7176,3523,0.49094202898550726,0.008885625284165144,True,False,3300.6046932702457,2
8,0,lexicographic,trivial,greedy_2opt_fast,3204.4711681423455,0.008826749864965677,7074,3491,0.49349731410800113,0.008826749864965677,True,False,3212.3161036959013,1
8,0,lexicographic,trivial,multistart_2opt_fast,3204.4711681423455,0.023872166872024536,7066,3488,0.49363147466742147,0.023872166872024536,True,False,3204.4711681423455,0
8,0,nearest,trivial,nn_2opt_fast,3204.4711681423455,0.010591999627649784,7067,3488,0.4935616244516768,0.010591999627649784,True,False,3300.6046932702457,2
8,0,nearest,trivial,greedy_2opt_fast,3204.4711681423455,0.01011862512677908,7066,3488,0.49363147466742147,0.01011862512677908,True,False,3212.3161036959013,2
8,0,nearest,trivial,multistart_2opt_fast,3204.4711681423455,0.01783670810982585,7066,3488,0.49363147466742147,0.01783670810982585,True,False,3204.4711681423455,0
8,0,greedy,trivial,nn_2opt_fast,3204.4711681423455,0.013969999738037586,7067,3488,0.4935616244516768,0.013969999738037586,True,False,3300.6046932702457,2
8,0,greedy,trivial,greedy_2opt_fast,3204.4711681423455,0.03493149997666478,7066,3488,0.49363147466742147,0.03493149997666478,True,False,3212.3161036959013,2
8,0,greedy,trivial,multistart_2opt_fast,3204.4711681423455,0.0120387920178473,7066,3488,0.49363147466742147,0.0120387920178473,True,False,3204.4711681423455,0
8,0,random,trivial,nn_2opt_fast,3204.4711681423455,0.013769041281193495,7169,3510,0.4896080345933882,0.013769041281193495,True,False,3300.6046932702457,1
8,0,random,trivial,greedy_2opt_fast,3204.4711681423455,0.009876084048300982,7078,3492,0.4933597061316756,0.009876084048300982,True,False,3212.3161036959013,1
8,0,random,trivial,multistart_2opt_fast,3204.4711681423455,0.01096075028181076,7066,3488,0.49363147466742147,0.01096075028181076,True,False,3204.4711681423455,0
8,0,lexicographic,mst,nn_2opt_fast,3204.4711681423455,0.0016676662489771843,432,303,0.7013888888888888,0.0016676662489771843,True,False,3300.6046932702457,2
8,0,lexicographic,mst,greedy_2opt_fast,3204.4711681423455,0.0018638749606907368,393,278,0.7073791348600509,0.0018638749606907368,True,False,3212.3161036959013,1
8,0,lexicographic,mst,multistart_2opt_fast,3204.4711681423455,0.0018991250544786453,385,275,0.7142857142857143,0.0018991250544786453,True,False,3204.4711681423455,0
8,0,nearest,mst,nn_2opt_fast,3204.4711681423455,0.0016062078066170216,389,274,0.7043701799485861,0.0016062078066170216,True,False,3300.6046932702457,2
8,0,nearest,mst,greedy_2opt_fast,3204.4711681423455,0.0015939581207931042,389,274,0.7043701799485861,0.0015939581207931042,True,False,3212.3161036959013,2
8,0,nearest,mst,multistart_2opt_fast,3204.4711681423455,0.002033875323832035,385,275,0.7142857142857143,0.002033875323832035,True,False,3204.4711681423455,0
8,0,greedy,mst,nn_2opt_fast,3204.4711681423455,0.0016202093102037907,389,274,0.7043701799485861,0.0016202093102037907,True,False,3300.6046932702457,2
8,0,greedy,mst,greedy_2opt_fast,3204.4711681423455,0.0016709999181330204,389,274,0.7043701799485861,0.0016709999181330204,True,False,3212.3161036959013,2
8,0,greedy,mst,multistart_2opt_fast,3204.4711681423455,0.002152792178094387,385,275,0.7142857142857143,0.002152792178094387,True,False,3204.4711681423455,0
8,0,random,mst,nn_2opt_fast,3204.4711681423455,0.002119041047990322,416,291,0.6995192307692307,0.002119041047990322,True,False,3300.6046932702457,2
8,0,random,mst,greedy_2opt_fast,3204.4711681423455,0.0017648329958319664,394,279,0.7081218274111675,0.0017648329958319664,True,False,3212.3161036959013,1
8,0,random,mst,multistart_2opt_fast,3204.4711681423455,0.002009499818086624,385,275,0.7142857142857143,0.002009499818086624,True,False,3204.4711681423455,0
8,1,lexicographic,trivial,nn_2opt_fast,2540.816236279214,0.008021166082471609,6573,3457,0.525939449262133,0.008021166082471609,True,False,2981.2232317894745,4
8,1,lexicographic,trivial,greedy_2opt_fast,2540.816236279214,0.008396584074944258,6346,3425,0.5397100535770564,0.008396584074944258,True,False,2600.9799015664885,2
8,1,lexicographic,trivial,multistart_2opt_fast,2540.8162362792136,0.008316125255078077,6301,3423,0.5432471036343438,0.008316125255078077,True,False,2540.8162362792136,0
8,1,nearest,trivial,nn_2opt_fast,2540.816236279214,0.00925137521699071,6383,3438,0.5386182046059846,0.00925137521699071,True,False,2981.2232317894745,2
8,1,nearest,trivial,greedy_2opt_fast,2540.816236279214,0.009717291686683893,6383,3438,0.5386182046059846,0.009717291686683893,True,False,2600.9799015664885,2
8,1,nearest,trivial,multistart_2opt_fast,2540.8162362792136,0.009634416084736586,6301,3423,0.5432471036343438,0.009634416084736586,True,False,2540.8162362792136,0
8,1,greedy,trivial,nn_2opt_fast,2540.816236279214,0.009822375141084194,6383,3438,0.5386182046059846,0.009822375141084194,True,False,2981.2232317894745,3
8,1,greedy,trivial,greedy_2opt_fast,2540.816236279214,0.010965249966830015,6383,3438,0.5386182046059846,0.010965249966830015,True,False,2600.9799015664885,2
8,1,greedy,trivial,multistart_2opt_fast,2540.8162362792136,0.011075415648519993,6301,3423,0.5432471036343438,0.011075415648519993,True,False,2540.8162362792136,0
8,1,random,trivial,nn_2opt_fast,2540.816236279214,0.011730958707630634,7617,3809,0.5000656426414599,0.011730958707630634,True,False,2981.2232317894745,4
8,1,random,trivial,greedy_2opt_fast,2540.816236279214,0.009398207999765873,6606,3522,0.5331516802906449,0.009398207999765873,True,False,2600.9799015664885,2
8,1,random,trivial,multistart_2opt_fast,2540.8162362792136,0.011020124889910221,6301,3423,0.5432471036343438,0.011020124889910221,True,False,2540.8162362792136,0
8,1,lexicographic,mst,nn_2opt_fast,2540.816236279214,0.0006835418753325939,135,94,0.6962962962962963,0.0006835418753325939,True,False,2981.2232317894745,4
8,1,lexicographic,mst,greedy_2opt_fast,2540.816236279214,0.0009137918241322041,100,73,0.73,0.0009137918241322041,True,False,2600.9799015664885,2
8,1,lexicographic,mst,multistart_2opt_fast,2540.8162362792136,0.0011279168538749218,87,68,0.7816091954022989,0.0011279168538749218,True,False,2540.8162362792136,0
8,1,nearest,mst,nn_2opt_fast,2540.816236279214,0.0006104172207415104,112,82,0.7321428571428571,0.0006104172207415104,True,False,2981.2232317894745,2
8,1,nearest,mst,greedy_2opt_fast,2540.816236279214,0.0006008748896420002,110,81,0.7363636363636363,0.0006008748896420002,True,False,2600.9799015664885,2
8,1,nearest,mst,multistart_2opt_fast,2540.8162362792136,0.0007661250419914722,87,68,0.7816091954022989,0.0007661250419914722,True,False,2540.8162362792136,0
8,1,greedy,mst,nn_2opt_fast,2540.816236279214,0.0006275838240981102,115,82,0.7130434782608696,0.0006275838240981102,True,False,2981.2232317894745,3
8,1,greedy,mst,greedy_2opt_fast,2540.816236279214,0.0006076670251786709,110,81,0.7363636363636363,0.0006076670251786709,True,False,2600.9799015664885,2
8,1,greedy,mst,multistart_2opt_fast,2540.8162362792136,0.000846249982714653,87,68,0.7816091954022989,0.000846249982714653,True,False,2540.8162362792136,0
8,1,random,mst,nn_2opt_fast,2540.816236279214,0.001082917209714651,230,164,0.7130434782608696,0.001082917209714651,True,False,2981.2232317894745,5
8,1,random,mst,greedy_2opt_fast,2540.816236279214,0.000822708010673523,144,105,0.7291666666666666,0.000822708010673523,True,False,2600.9799015664885,3
8,1,random,mst,multistart_2opt_fast,2540.8162362792136,0.0009083328768610954,87,68,0.7816091954022989,0.0009083328768610954,True,False,2540.8162362792136,0
8,2,lexicographic,trivial,nn_2opt_fast,2294.803126824912,0.00910966657102108,7110,3569,0.5019690576652602,0.00910966657102108,True,False,2592.634457999709,4
8,2,lexicographic,trivial,greedy_2opt_fast,2294.803126824912,0.007624624762684107,6283,3345,0.5323889861531116,0.007624624762684107,True,False,2294.803126824912,0
8,2,lexicographic,trivial,multistart_2opt_fast,2294.8031268249115,0.007676958106458187,6283,3345,0.5323889861531116,0.007676958106458187,True,False,2294.8031268249115,0
8,2,nearest,trivial,nn_2opt_fast,2294.803126824912,0.008592041209340096,6283,3345,0.5323889861531116,0.008592041209340096,True,False,2592.634457999709,3
8,2,nearest,trivial,greedy_2opt_fast,2294.803126824912,0.008764499798417091,6283,3345,0.5323889861531116,0.008764499798417091,True,False,2294.803126824912,0
8,2,nearest,trivial,multistart_2opt_fast,2294.8031268249115,0.009265665896236897,6283,3345,0.5323889861531116,0.009265665896236897,True,False,2294.8031268249115,0
8,2,greedy,trivial,nn_2opt_fast,2294.803126824912,0.009467458818107843,6283,3345,0.5323889861531116,0.009467458818107843,True,False,2592.634457999709,4
8,2,greedy,trivial,greedy_2opt_fast,2294.803126824912,0.009900874923914671,6283,3345,0.5323889861531116,0.009900874923914671,True,False,2294.803126824912,0
8,2,greedy,trivial,multistart_2opt_fast,2294.8031268249115,0.010427167173475027,6283,3345,0.5323889861531116,0.010427167173475027,True,False,2294.8031268249115,0
8,2,random,trivial,nn_2opt_fast,2294.803126824912,0.00848495913669467,6383,3351,0.5249882500391665,0.00848495913669467,True,False,2592.634457999709,5
8,2,random,trivial,greedy_2opt_fast,2294.803126824912,0.008744666818529367,6283,3345,0.5323889861531116,0.008744666818529367,True,False,2294.803126824912,0
8,2,random,trivial,multistart_2opt_fast,2294.8031268249115,0.008811500389128923,6283,3345,0.5323889861531116,0.008811500389128923,True,False,2294.8031268249115,0
8,2,lexicographic,mst,nn_2opt_fast,2294.803126824912,0.0009017921984195709,214,153,0.7149532710280374,0.0009017921984195709,True,False,2592.634457999709,4
8,2,lexicographic,mst,greedy_2opt_fast,2294.803126824912,0.00048516690731048584,70,56,0.8,0.00048516690731048584,True,False,2294.803126824912,0
8,2,lexicographic,mst,multistart_2opt_fast,2294.8031268249115,0.0007768329232931137,70,56,0.8,0.0007768329232931137,True,False,2294.8031268249115,0
8,2,nearest,mst,nn_2opt_fast,2294.803126824912,0.0004933332093060017,87,61,0.7011494252873564,0.0004933332093060017,True,False,2592.634457999709,3
8,2,nearest,mst,greedy_2opt_fast,2294.803126824912,0.00044625019654631615,70,56,0.8,0.00044625019654631615,True,False,2294.803126824912,0
8,2,nearest,mst,multistart_2opt_fast,2294.8031268249115,0.0007626251317560673,70,56,0.8,0.0007626251317560673,True,False,2294.8031268249115,0
8,2,greedy,mst,nn_2opt_fast,2294.803126824912,0.0004832502454519272,100,67,0.67,0.0004832502454519272,True,False,2592.634457999709,4
8,2,greedy,mst,greedy_2opt_fast,2294.803126824912,0.0004225000739097595,70,56,0.8,0.0004225000739097595,True,False,2294.803126824912,0
8,2,greedy,mst,multistart_2opt_fast,2294.8031268249115,0.0007325843907892704,70,56,0.8,0.0007325843907892704,True,False,2294.8031268249115,0
8,2,random,mst,nn_2opt_fast,2294.803126824912,0.0006198748014867306,126,87,0.6904761904761905,0.0006198748014867306,True,False,2592.634457999709,4
8,2,random,mst,greedy_2opt_fast,2294.803126824912,0.0004742918536067009,70,56,0.8,0.0004742918536067009,True,False,2294.803126824912,0
8,2,random,mst,multistart_2opt_fast,2294.8031268249115,0.0007705423049628735,70,56,0.8,0.0007705423049628735,True,False,2294.8031268249115,0
10,0,lexicographic,trivial,nn_2opt_fast,3279.2105192794525,0.19232512498274446,169132,109469,0.6472400255421801,0.19232512498274446,True,False,3308.3071930002307,2
10,0,lexicographic,trivial,greedy_2opt_fast,3279.2105192794525,0.18793008290231228,163794,106394,0.6495598129357608,0.18793008290231228,True,False,3279.210519279453,1
10,0,lexicographic,trivial,multistart_2opt_fast,3279.2105192794525,0.19551770901307464,171779,111075,0.6466157097200472,0.19551770901307464,True,False,3417.3312522310844,3
10,0,nearest,trivial,nn_2opt_fast,3279.2105192794525,0.21616208320483565,163801,106391,0.6495137392323612,0.21616208320483565,True,False,3308.3071930002307,1
10,0,nearest,trivial,greedy_2opt_fast,3279.2105192794525,0.23876670794561505,163794,106394,0.6495598129357608,0.23876670794561505,True,False,3279.210519279453,1
10,0,nearest,trivial,multistart_2opt_fast,3279.2105192794525,0.21836158400401473,163810,106387,0.6494536353091996,0.21836158400401473,True,False,3417.3312522310844,2
10,0,greedy,trivial,nn_2opt_fast,3279.2105192794525,0.23690158408135176,163801,106391,0.6495137392323612,0.23690158408135176,True,False,3308.3071930002307,1
10,0,greedy,trivial,greedy_2opt_fast,3279.2105192794525,0.2345941667445004,163794,106394,0.6495598129357608,0.2345941667445004,True,False,3279.210519279453,1
10,0,greedy,trivial,multistart_2opt_fast,3279.2105192794525,0.24055599980056286,163814,106387,0.6494377769909776,0.24055599980056286,True,False,3417.3312522310844,2
10,0,random,trivial,nn_2opt_fast,3279.2105192794525,0.2214255826547742,164255,106643,0.6492526863717999,0.2214255826547742,True,False,3308.3071930002307,2
10,0,random,trivial,greedy_2opt_fast,3279.2105192794525,0.21827899990603328,163794,106394,0.6495598129357608,0.21827899990603328,True,False,3279.210519279453,1
10,0,random,trivial,multistart_2opt_fast,3279.2105192794525,0.215915790759027,165972,107615,0.6483924999397489,0.215915790759027,True,False,3417.3312522310844,2
10,0,lexicographic,mst,nn_2opt_fast,3279.2105192794525,0.003961541224271059,700,550,0.7857142857142857,0.003961541224271059,True,False,3308.3071930002307,2
10,0,lexicographic,mst,greedy_2opt_fast,3279.2105192794525,0.003692875150591135,639,505,0.7902973395931142,0.003692875150591135,True,False,3279.210519279453,1
10,0,lexicographic,mst,multistart_2opt_fast,3279.2105192794525,0.004927834030240774,733,573,0.781718963165075,0.004927834030240774,True,False,3417.3312522310844,3
10,0,nearest,mst,nn_2opt_fast,3279.2105192794525,0.003674999810755253,644,508,0.7888198757763976,0.003674999810755253,True,False,3308.3071930002307,1
10,0,nearest,mst,greedy_2opt_fast,3279.2105192794525,0.0038750837557017803,639,505,0.7902973395931142,0.0038750837557017803,True,False,3279.210519279453,1
10,0,nearest,mst,multistart_2opt_fast,3279.2105192794525,0.004443458281457424,645,507,0.786046511627907,0.004443458281457424,True,False,3417.3312522310844,2
10,0,greedy,mst,nn_2opt_fast,3279.2105192794525,0.00394837511703372,644,508,0.7888198757763976,0.00394837511703372,True,False,3308.3071930002307,1
10,0,greedy,mst,greedy_2opt_fast,3279.2105192794525,0.00384554173797369,639,505,0.7902973395931142,0.00384554173797369,True,False,3279.210519279453,1
10,0,greedy,mst,multistart_2opt_fast,3279.2105192794525,0.004473167005926371,645,507,0.786046511627907,0.004473167005926371,True,False,3417.3312522310844,2
10,0,random,mst,nn_2opt_fast,3279.2105192794525,0.0038534998893737793,649,510,0.785824345146379,0.0038534998893737793,True,False,3308.3071930002307,2
10,0,random,mst,greedy_2opt_fast,3279.2105192794525,0.0038604591973125935,639,505,0.7902973395931142,0.0038604591973125935,True,False,3279.210519279453,1
10,0,random,mst,multistart_2opt_fast,3279.2105192794525,0.00490541709586978,711,555,0.7805907172995781,0.00490541709586978,True,False,3417.3312522310844,3
10,1,lexicographic,trivial,nn_2opt_fast,2833.2721574374555,0.2031169580295682,178129,114931,0.6452121776914483,0.2031169580295682,True,False,2833.2721574374555,0
10,1,lexicographic,trivial,greedy_2opt_fast,2833.2721574374555,0.20127845788374543,179582,115648,0.6439843636890111,0.20127845788374543,True,False,2893.4358227247294,2
10,1,lexicographic,trivial,multistart_2opt_fast,2833.2721574374555,0.20625708298757672,178129,114931,0.6452121776914483,0.20625708298757672,True,False,2833.2721574374555,0
10,1,nearest,trivial,nn_2opt_fast,2833.2721574374555,0.2365757916122675,178129,114931,0.6452121776914483,0.2365757916122675,True,False,2833.2721574374555,0
10,1,nearest,trivial,greedy_2opt_fast,2833.2721574374555,0.24275058321654797,181349,116348,0.6415695702760975,0.24275058321654797,True,False,2893.4358227247294,1
10,1,nearest,trivial,multistart_2opt_fast,2833.2721574374555,0.23644866701215506,178129,114931,0.6452121776914483,0.23644866701215506,True,False,2833.2721574374555,0
10,1,greedy,trivial,nn_2opt_fast,2833.2721574374555,0.2556509170681238,178129,114931,0.6452121776914483,0.2556509170681238,True,False,2833.2721574374555,0
10,1,greedy,trivial,greedy_2opt_fast,2833.2721574374555,0.2610167502425611,181349,116348,0.6415695702760975,0.2610167502425611,True,False,2893.4358227247294,1
10,1,greedy,trivial,multistart_2opt_fast,2833.2721574374555,0.2573464997112751,178129,114931,0.6452121776914483,0.2573464997112751,True,False,2833.2721574374555,0
10,1,random,trivial,nn_2opt_fast,2833.2721574374555,0.2300767912529409,178129,114931,0.6452121776914483,0.2300767912529409,True,False,2833.2721574374555,0
10,1,random,trivial,greedy_2opt_fast,2833.2721574374555,0.23978904215618968,185577,118839,0.6403756931085209,0.23978904215618968,True,False,2893.4358227247294,1
10,1,random,trivial,multistart_2opt_fast,2833.2721574374555,0.2607506671920419,178129,114931,0.6452121776914483,0.2607506671920419,True,False,2833.2721574374555,0
10,1,lexicographic,mst,nn_2opt_fast,2833.2721574374555,0.0010006669908761978,125,103,0.824,0.0010006669908761978,True,False,2833.2721574374555,0
10,1,lexicographic,mst,greedy_2opt_fast,2833.2721574374555,0.0012529590167105198,168,132,0.7857142857142857,0.0012529590167105198,True,False,2893.4358227247294,2
10,1,lexicographic,mst,multistart_2opt_fast,2833.2721574374555,0.0016487501561641693,125,103,0.824,0.0016487501561641693,True,False,2833.2721574374555,0
10,1,nearest,mst,nn_2opt_fast,2833.2721574374555,0.001236999873071909,125,103,0.824,0.001236999873071909,True,False,2833.2721574374555,0
10,1,nearest,mst,greedy_2opt_fast,2833.2721574374555,0.0012934999540448189,167,135,0.8083832335329342,0.0012934999540448189,True,False,2893.4358227247294,1
10,1,nearest,mst,multistart_2opt_fast,2833.2721574374555,0.0020324578508734703,125,103,0.824,0.0020324578508734703,True,False,2833.2721574374555,0
10,1,greedy,mst,nn_2opt_fast,2833.2721574374555,0.0009383750148117542,125,103,0.824,0.0009383750148117542,True,False,2833.2721574374555,0
10,1,greedy,mst,greedy_2opt_fast,2833.2721574374555,0.0012922496534883976,167,135,0.8083832335329342,0.0012922496534883976,True,False,2893.4358227247294,1
10,1,greedy,mst,multistart_2opt_fast,2833.2721574374555,0.0016640000976622105,125,103,0.824,0.0016640000976622105,True,False,2833.2721574374555,0
10,1,random,mst,nn_2opt_fast,2833.2721574374555,0.0009207497350871563,125,103,0.824,0.0009207497350871563,True,False,2833.2721574374555,0
10,1,random,mst,greedy_2opt_fast,2833.2721574374555,0.0014902912080287933,193,155,0.8031088082901554,0.0014902912080287933,True,False,2893.4358227247294,1
10,1,random,mst,multistart_2opt_fast,2833.2721574374555,0.0017748749814927578,125,103,0.824,0.0017748749814927578,True,False,2833.2721574374555,0
10,2,lexicographic,trivial,nn_2opt_fast,2635.1808126042833,0.1503072497434914,131244,88068,0.6710249611410808,0.1503072497434914,True,False,2635.1808126042833,0
10,2,lexicographic,trivial,greedy_2opt_fast,2635.1808126042833,0.1504456656984985,131244,88068,0.6710249611410808,0.1504456656984985,True,False,2635.1808126042833,0
10,2,lexicographic,trivial,multistart_2opt_fast,2635.180812604283,0.14999974984675646,131244,88068,0.6710249611410808,0.14999974984675646,True,False,2635.180812604283,0
10,2,nearest,trivial,nn_2opt_fast,2635.1808126042833,0.17560795927420259,131244,88068,0.6710249611410808,0.17560795927420259,True,False,2635.1808126042833,0
10,2,nearest,trivial,greedy_2opt_fast,2635.1808126042833,0.1765187499113381,131244,88068,0.6710249611410808,0.1765187499113381,True,False,2635.1808126042833,0
10,2,nearest,trivial,multistart_2opt_fast,2635.180812604283,0.17830949975177646,131244,88068,0.6710249611410808,0.17830949975177646,True,False,2635.180812604283,0
10,2,greedy,trivial,nn_2opt_fast,2635.1808126042833,0.19103437522426248,131244,88068,0.6710249611410808,0.19103437522426248,True,False,2635.1808126042833,0
10,2,greedy,trivial,greedy_2opt_fast,2635.1808126042833,0.19163741683587432,131244,88068,0.6710249611410808,0.19163741683587432,True,False,2635.1808126042833,0
10,2,greedy,trivial,multistart_2opt_fast,2635.180812604283,0.18937074998393655,131244,88068,0.6710249611410808,0.18937074998393655,True,False,2635.180812604283,0
10,2,random,trivial,nn_2opt_fast,2635.1808126042833,0.1692105419933796,131244,88068,0.6710249611410808,0.1692105419933796,True,False,2635.1808126042833,0
10,2,random,trivial,greedy_2opt_fast,2635.1808126042833,0.17278112517669797,131244,88068,0.6710249611410808,0.17278112517669797,True,False,2635.1808126042833,0
10,2,random,trivial,multistart_2opt_fast,2635.180812604283,0.1708657080307603,131244,88068,0.6710249611410808,0.1708657080307603,True,False,2635.180812604283,0
10,2,lexicographic,mst,nn_2opt_fast,2635.1808126042833,0.0014163749292492867,183,154,0.8415300546448088,0.0014163749292492867,True,False,2635.1808126042833,0
10,2,lexicographic,mst,greedy_2opt_fast,2635.1808126042833,0.0014856248162686825,183,154,0.8415300546448088,0.0014856248162686825,True,False,2635.1808126042833,0
10,2,lexicographic,mst,multistart_2opt_fast,2635.180812604283,0.0022894171997904778,183,154,0.8415300546448088,0.0022894171997904778,True,False,2635.180812604283,0
10,2,nearest,mst,nn_2opt_fast,2635.1808126042833,0.0014292499981820583,183,154,0.8415300546448088,0.0014292499981820583,True,False,2635.1808126042833,0
10,2,nearest,mst,greedy_2opt_fast,2635.1808126042833,0.0014605000615119934,183,154,0.8415300546448088,0.0014605000615119934,True,False,2635.1808126042833,0
10,2,nearest,mst,multistart_2opt_fast,2635.180812604283,0.002090041060000658,183,154,0.8415300546448088,0.002090041060000658,True,False,2635.180812604283,0
10,2,greedy,mst,nn_2opt_fast,2635.1808126042833,0.0014227088540792465,183,154,0.8415300546448088,0.0014227088540792465,True,False,2635.1808126042833,0
10,2,greedy,mst,greedy_2opt_fast,2635.1808126042833,0.0015701660886406898,183,154,0.8415300546448088,0.0015701660886406898,True,False,2635.1808126042833,0
10,2,greedy,mst,multistart_2opt_fast,2635.180812604283,0.0021299999207258224,183,154,0.8415300546448088,0.0021299999207258224,True,False,2635.180812604283,0
10,2,random,mst,nn_2opt_fast,2635.1808126042833,0.001573250163346529,183,154,0.8415300546448088,0.001573250163346529,True,False,2635.1808126042833,0
10,2,random,mst,greedy_2opt_fast,2635.1808126042833,0.001564208883792162,183,154,0.8415300546448088,0.001564208883792162,True,False,2635.1808126042833,0
10,2,random,mst,multistart_2opt_fast,2635.180812604283,0.0021855831146240234,183,154,0.8415300546448088,0.0021855831146240234,True,False,2635.180812604283,0
12,0,lexicographic,trivial,nn_2opt_fast,3413.3373855635255,3.000000541098416,2570853,1880185,0.7313467553376253,,False,True,3442.4340592843037,2
12,0,lexicographic,trivial,greedy_2opt_fast,3413.3373855635255,3.000001208856702,2589773,1892930,0.7309250656331655,,False,True,3453.4663409982863,2
12,0,lexicographic,trivial,multistart_2opt_fast,3413.3373855635255,3.000001957640052,2616477,1913698,0.7314025691798552,,False,True,3455.9841908314916,2
12,0,nearest,trivial,nn_2opt_fast,3413.3373855635255,3.000005166977644,2233678,1629972,0.7297255916027288,,False,True,3442.4340592843037,1
12,0,nearest,trivial,greedy_2opt_fast,3413.3373855635255,3.000005125068128,2085202,1516876,0.727447988252457,,False,True,3453.4663409982863,1
12,0,nearest,trivial,multistart_2opt_fast,3413.3373855635255,3.0000054999254644,2214947,1615000,0.7291370854471912,,False,True,3455.9841908314916,1
12,0,greedy,trivial,nn_2opt_fast,3413.3373855635255,3.0000009168870747,2009458,1461913,0.7275160764743528,,False,True,3442.4340592843037,1
12,0,greedy,trivial,greedy_2opt_fast,3413.3373855635255,3.00000087544322,2029789,1476802,0.7275642936285496,,False,True,3453.4663409982863,1
12,0,greedy,trivial,multistart_2opt_fast,3413.3373855635255,3.0000005420297384,2028523,1475779,0.7275140582581514,,False,True,3455.9841908314916,1
12,0,random,trivial,nn_2opt_fast,3413.337385563526,3.000004875008017,2232862,1646206,0.7372627596331525,,False,True,3442.4340592843037,1
12,0,random,trivial,greedy_2opt_fast,3413.337385563526,3.0000045839697123,2230689,1643656,0.7368378110978268,,False,True,3453.4663409982863,1
12,0,random,trivial,multistart_2opt_fast,3413.337385563526,3.000004999805242,2269894,1670097,0.7357599077313742,,False,True,3455.9841908314916,2
12,0,lexicographic,mst,nn_2opt_fast,3413.3373855635255,0.023253750056028366,3120,2580,0.8269230769230769,0.023253750056028366,True,False,3442.4340592843037,2
12,0,lexicographic,mst,greedy_2opt_fast,3413.3373855635255,0.02232683403417468,3145,2600,0.8267090620031796,0.02232683403417468,True,False,3453.4663409982863,2
12,0,lexicographic,mst,multistart_2opt_fast,3413.3373855635255,0.023810457903891802,3145,2600,0.8267090620031796,0.023810457903891802,True,False,3455.9841908314916,2
12,0,nearest,mst,nn_2opt_fast,3413.3373855635255,0.020589707884937525,2758,2287,0.8292240754169689,0.020589707884937525,True,False,3442.4340592843037,1
12,0,nearest,mst,greedy_2opt_fast,3413.3373855635255,0.020320334006100893,2760,2288,0.8289855072463768,0.020320334006100893,True,False,3453.4663409982863,1
12,0,nearest,mst,multistart_2opt_fast,3413.3373855635255,0.02174579119309783,2760,2288,0.8289855072463768,0.02174579119309783,True,False,3455.9841908314916,1
12,0,greedy,mst,nn_2opt_fast,3413.3373855635255,0.02092570811510086,2758,2287,0.8292240754169689,0.02092570811510086,True,False,3442.4340592843037,1
12,0,greedy,mst,greedy_2opt_fast,3413.3373855635255,0.020659958943724632,2760,2288,0.8289855072463768,0.020659958943724632,True,False,3453.4663409982863,1
12,0,greedy,mst,multistart_2opt_fast,3413.3373855635255,0.021933082956820726,2760,2288,0.8289855072463768,0.021933082956820726,True,False,3455.9841908314916,1
12,0,random,mst,nn_2opt_fast,3413.3373855635255,0.022150584030896425,2998,2486,0.829219479653102,0.022150584030896425,True,False,3442.4340592843037,2
12,0,random,mst,greedy_2opt_fast,3413.3373855635255,0.023248459212481976,3103,2572,0.8288752819851757,0.023248459212481976,True,False,3453.4663409982863,2
12,0,random,mst,multistart_2opt_fast,3413.3373855635255,0.024891916662454605,3115,2581,0.8285714285714286,0.024891916662454605,True,False,3455.9841908314916,2
12,1,lexicographic,trivial,nn_2opt_fast,2849.3329717576503,2.3410210832953453,1997494,1494328,0.7481013710178854,2.3410210832953453,True,False,2849.3329717576503,0
12,1,lexicographic,trivial,greedy_2opt_fast,2849.3329717576503,2.3215669579803944,1997494,1494328,0.7481013710178854,2.3215669579803944,True,False,2849.3329717576507,1
12,1,lexicographic,trivial,multistart_2opt_fast,2849.3329717576503,2.3434187909588218,1997494,1494328,0.7481013710178854,2.3434187909588218,True,False,2849.3329717576507,1
12,1,nearest,trivial,nn_2opt_fast,2849.3329717576503,2.704191166907549,1997494,1494328,0.7481013710178854,2.704191166907549,True,False,2849.3329717576503,0
12,1,nearest,trivial,greedy_2opt_fast,2849.3329717576503,2.694450333248824,1997494,1494328,0.7481013710178854,2.694450333248824,True,False,2849.3329717576507,1
12,1,nearest,trivial,multistart_2opt_fast,2849.3329717576503,2.692710833158344,1997494,1494328,0.7481013710178854,2.692710833158344,True,False,2849.3329717576507,1
12,1,greedy,trivial,nn_2opt_fast,2849.3329717576503,3.0000025830231607,1990380,1488562,0.7478782945970116,,False,True,2849.3329717576503,0
12,1,greedy,trivial,greedy_2opt_fast,2849.3329717576503,2.93400862487033,1997494,1494328,0.7481013710178854,2.93400862487033,True,False,2849.3329717576507,1
12,1,greedy,trivial,multistart_2opt_fast,2849.3329717576503,2.923766459338367,1997494,1494328,0.7481013710178854,2.923766459338367,True,False,2849.3329717576507,1
12,1,random,trivial,nn_2opt_fast,2849.3329717576503,2.902249832637608,1997494,1494328,0.7481013710178854,2.902249832637608,True,False,2849.3329717576503,0
12,1,random,trivial,greedy_2opt_fast,2849.3329717576503,2.642980541102588,1997494,1494328,0.7481013710178854,2.642980541102588,True,False,2849.3329717576507,1
12,1,random,trivial,multistart_2opt_fast,2849.3329717576503,2.6494613750837743,1997494,1494328,0.7481013710178854,2.6494613750837743,True,False,2849.3329717576507,1
12,1,lexicographic,mst,nn_2opt_fast,2849.3329717576503,0.002340750303119421,239,203,0.8493723849372385,0.002340750303119421,True,False,2849.3329717576503,0
12,1,lexicographic,mst,greedy_2opt_fast,2849.3329717576503,0.0028096665628254414,267,223,0.8352059925093633,0.0028096665628254414,True,False,2849.3329717576507,1
12,1,lexicographic,mst,multistart_2opt_fast,2849.3329717576503,0.003658125177025795,267,223,0.8352059925093633,0.003658125177025795,True,False,2849.3329717576507,1
12,1,nearest,mst,nn_2opt_fast,2849.3329717576503,0.00234233308583498,239,203,0.8493723849372385,0.00234233308583498,True,False,2849.3329717576503,0
12,1,nearest,mst,greedy_2opt_fast,2849.3329717576503,0.00279654236510396,267,223,0.8352059925093633,0.00279654236510396,True,False,2849.3329717576507,1
12,1,nearest,mst,multistart_2opt_fast,2849.3329717576503,0.003911333158612251,267,223,0.8352059925093633,0.003911333158612251,True,False,2849.3329717576507,1
12,1,greedy,mst,nn_2opt_fast,2849.3329717576503,0.0025549172423779964,239,203,0.8493723849372385,0.0025549172423779964,True,False,2849.3329717576503,0
12,1,greedy,mst,greedy_2opt_fast,2849.3329717576503,0.00285166734829545,267,223,0.8352059925093633,0.00285166734829545,True,False,2849.3329717576507,1
12,1,greedy,mst,multistart_2opt_fast,2849.3329717576503,0.0037872078828513622,267,223,0.8352059925093633,0.0037872078828513622,True,False,2849.3329717576507,1
12,1,random,mst,nn_2opt_fast,2849.3329717576503,0.002439250238239765,239,203,0.8493723849372385,0.002439250238239765,True,False,2849.3329717576503,0
12,1,random,mst,greedy_2opt_fast,2849.3329717576503,0.0027106250636279583,267,223,0.8352059925093633,0.0027106250636279583,True,False,2849.3329717576507,1
12,1,random,mst,multistart_2opt_fast,2849.3329717576503,0.0038040000945329666,267,223,0.8352059925093633,0.0038040000945329666,True,False,2849.3329717576507,1
12,2,lexicographic,trivial,nn_2opt_fast,2711.960830406868,2.396811082959175,2088953,1569689,0.7514237993865827,2.396811082959175,True,False,2711.9608304068684,1
12,2,lexicographic,trivial,greedy_2opt_fast,2711.960830406868,2.417834249790758,2088953,1569689,0.7514237993865827,2.417834249790758,True,False,2711.960830406868,0
12,2,lexicographic,trivial,multistart_2opt_fast,2711.960830406868,2.420389040838927,2088953,1569689,0.7514237993865827,2.420389040838927,True,False,2711.960830406868,0
12,2,nearest,trivial,nn_2opt_fast,2711.960830406868,2.813922916073352,2088953,1569689,0.7514237993865827,2.813922916073352,True,False,2711.9608304068684,1
12,2,nearest,trivial,greedy_2opt_fast,2711.960830406868,2.822741249576211,2088953,1569689,0.7514237993865827,2.822741249576211,True,False,2711.960830406868,0
12,2,nearest,trivial,multistart_2opt_fast,2711.960830406868,2.8304396248422563,2088953,1569689,0.7514237993865827,2.8304396248422563,True,False,2711.960830406868,0
12,2,greedy,trivial,nn_2opt_fast,2711.960830406868,3.000000750180334,2058469,1545199,0.7506544912748261,,False,True,2711.9608304068684,1
12,2,greedy,trivial,greedy_2opt_fast,2711.960830406868,3.0000005001202226,2053014,1540909,0.7505594214165126,,False,True,2711.960830406868,0
12,2,greedy,trivial,multistart_2opt_fast,2711.960830406868,3.000001166947186,2045660,1535259,0.7504956835446751,,False,True,2711.960830406868,0
12,2,random,trivial,nn_2opt_fast,2711.960830406868,2.751481791958213,2088953,1569689,0.7514237993865827,2.751481791958213,True,False,2711.9608304068684,1
12,2,random,trivial,greedy_2opt_fast,2711.960830406868,2.8019476672634482,2088953,1569689,0.7514237993865827,2.8019476672634482,True,False,2711.960830406868,0
12,2,random,trivial,multistart_2opt_fast,2711.960830406868,2.7585458331741393,2088953,1569689,0.7514237993865827,2.7585458331741393,True,False,2711.960830406868,0
12,2,lexicographic,mst,nn_2opt_fast,2711.960830406868,0.004221125040203333,420,362,0.861904761904762,0.004221125040203333,True,False,2711.9608304068684,1
12,2,lexicographic,mst,greedy_2opt_fast,2711.960830406868,0.004783375188708305,419,363,0.8663484486873508,0.004783375188708305,True,False,2711.960830406868,0
12,2,lexicographic,mst,multistart_2opt_fast,2711.960830406868,0.005498250015079975,419,363,0.8663484486873508,0.005498250015079975,True,False,2711.960830406868,0
12,2,nearest,mst,nn_2opt_fast,2711.960830406868,0.004429084248840809,420,362,0.861904761904762,0.004429084248840809,True,False,2711.9608304068684,1
12,2,nearest,mst,greedy_2opt_fast,2711.960830406868,0.004529166966676712,419,363,0.8663484486873508,0.004529166966676712,True,False,2711.960830406868,0
12,2,nearest,mst,multistart_2opt_fast,2711.960830406868,0.005668958183377981,419,363,0.8663484486873508,0.005668958183377981,True,False,2711.960830406868,0
12,2,greedy,mst,nn_2opt_fast,2711.960830406868,0.004511584062129259,420,362,0.861904761904762,0.004511584062129259,True,False,2711.9608304068684,1
12,2,greedy,mst,greedy_2opt_fast,2711.960830406868,0.00493741687387228,419,363,0.8663484486873508,0.00493741687387228,True,False,2711.960830406868,0
12,2,greedy,mst,multistart_2opt_fast,2711.960830406868,0.005916999652981758,419,363,0.8663484486873508,0.005916999652981758,True,False,2711.960830406868,0
12,2,random,mst,nn_2opt_fast,2711.960830406868,0.004414833150804043,420,362,0.861904761904762,0.004414833150804043,True,False,2711.9608304068684,1
12,2,random,mst,greedy_2opt_fast,2711.960830406868,0.004497415851801634,419,363,0.8663484486873508,0.004497415851801634,True,False,2711.960830406868,0
12,2,random,mst,multistart_2opt_fast,2711.960830406868,0.005685041192919016,419,363,0.8663484486873508,0.005685041192919016,True,False,2711.960830406868,0
